Claude,Bing,Llama,Answer
a,a,e,a
d,d,d,b
a,d,a,d
c,a,d,a
d,e,d,d
c,d,c,e
c,c,c,c
d,e,c,d
e,b,d,c
c,a,b,c
c,b,b,c
b,b,b,b
b,b,b,b
b,e,b,b
b,b,d,b
c,c,b,c
e,e,e,e
c,a,e,a
b,a,e,b
c,c,c,b
b,b,b,b
e,e,e,e
c,c,c,c
c,c,c,c
d,d,d,d
b,b,b,b
b,b,b,b
e,c,e,d
b,b,b,b
b,b,b,b
c,b,c,b
b,b,b,b
b,b,d,b
d,d,d,d
e,e,d,e
c,c,c,c
b,c,b,c
c,d,c,c
b,b,b,b
e,e,e,e
b,c,c,c
a,b,a,a
c,c,c,d
b,c,c,e
a,b,a,b
a,b,a,a
c,b,c,d
b,b,c,e
d,d,d,d
d,c,c,d
b,a,b,b
d,d,d,d
d,c,b,c
d,d,d,d
b,c,c,c
b,c,c,c
c,c,c,c
c,c,c,c
a,a,a,d
d,a,a,e
c,c,c,c
e,e,e,e
e,b,d,e
a,b,d,a
d,d,d,b
c,c,c,c
a,d,a,a
b,a,b,b
a,b,b,a
a,a,a,a
c,d,d,c
b,a,a,c
d,c,c,c
d,c,c,a
a,a,b,a
a,b,b,b
b,d,b,e
d,b,a,c
b,b,a,b
a,a,a,e